model,MAPE_test,RMSE_test
AR(1),0.016993542201058257,1128.8214900585556
AR(1)+W,0.015884786783363705,1112.6008425581047
AR(1)+W+SSDSE,0.015337949374680622,1164.1968136456944
